{"cameraMode":{"drawMode":0,"name":"Shaded","section":"Shading Mode"},"sceneLighting":false,"audioPlay":false,"sceneViewState":{"showFog":false,"showMaterialUpdate":false,"showSkybox":false,"showFlares":false,"showImageEffects":false,"showParticleSystems":false},"in2DMode":false,"pivot":{"x":0.8827953338623047,"y":0.39184045791625979,"z":-1.0904831886291505},"rotation":{"x":-0.21818335354328156,"y":0.6642906069755554,"z":-0.2123090624809265,"w":-0.6826704144477844},"size":9.251617431640625,"orthographic":false}