{"cameraMode":{"drawMode":0,"name":"Shaded","section":"Shading Mode"},"sceneLighting":false,"audioPlay":false,"sceneViewState":{"showFog":false,"showMaterialUpdate":false,"showSkybox":false,"showFlares":false,"showImageEffects":false,"showParticleSystems":false},"in2DMode":false,"pivot":{"x":58.00981140136719,"y":9.0092134475708,"z":-136.06507873535157},"rotation":{"x":0.06663845479488373,"y":-0.7618314623832703,"z":0.07939502596855164,"w":0.639428436756134},"size":74.34931945800781,"orthographic":false}