{"cameraMode":{"drawMode":0,"name":"Shaded","section":"Shading Mode"},"sceneLighting":false,"audioPlay":false,"sceneViewState":{"showFog":true,"showMaterialUpdate":false,"showSkybox":true,"showFlares":true,"showImageEffects":true,"showParticleSystems":true},"in2DMode":false,"pivot":{"x":2.384185791015625e-7,"y":0.5262519121170044,"z":-9.5367431640625e-7},"rotation":{"x":-0.19163335859775544,"y":-0.09864017367362976,"z":0.01936151459813118,"w":-0.9763052463531494},"size":5.0289716720581059,"orthographic":false}