{"cameraMode":{"drawMode":0,"name":"Shaded","section":"Shading Mode"},"sceneLighting":false,"audioPlay":false,"sceneViewState":{"showFog":true,"showMaterialUpdate":false,"showSkybox":true,"showFlares":true,"showImageEffects":true,"showParticleSystems":true},"in2DMode":false,"pivot":{"x":-14.995285034179688,"y":0.1939355581998825,"z":15.126102447509766},"rotation":{"x":0.5442593097686768,"y":0.20175239443778993,"z":-0.13679012656211854,"w":0.802724301815033},"size":70.00723266601563,"orthographic":false}