{"cameraMode":{"drawMode":0,"name":"Shaded","section":"Shading Mode"},"sceneLighting":true,"audioPlay":false,"sceneViewState":{"showFog":false,"showMaterialUpdate":false,"showSkybox":false,"showFlares":false,"showImageEffects":false,"showParticleSystems":false},"in2DMode":false,"pivot":{"x":-113.65486907958985,"y":-39.877655029296878,"z":-69.85826110839844},"rotation":{"x":-0.044559236615896228,"y":0.9250049591064453,"z":-0.11465547978878021,"w":-0.3594919443130493},"size":227.30540466308595,"orthographic":false}