{"cameraMode":{"drawMode":0,"name":"Shaded","section":"Shading Mode"},"sceneLighting":false,"audioPlay":false,"sceneViewState":{"showFog":true,"showMaterialUpdate":false,"showSkybox":true,"showFlares":true,"showImageEffects":true,"showParticleSystems":true},"in2DMode":false,"pivot":{"x":-14.995285034179688,"y":0.1939355581998825,"z":-494.8739013671875},"rotation":{"x":0.5626274347305298,"y":-0.4334392845630646,"z":0.4515126049518585,"w":0.5401084423065186},"size":2841.781982421875,"orthographic":false}